epoch,time(s),train_loss,test_loss,test_error(%)
001,00151,1.274426,0.00108,39.08
002,00140,1.039188,0.00091,32.12
003,00140,0.878245,0.00074,24.36
004,00140,0.844810,0.00074,25.25
005,00140,0.804275,0.00069,23.89
006,00140,0.761570,0.00061,21.16
007,00140,0.724066,0.00061,21.23
008,00140,0.693741,0.00062,21.81
009,00140,0.652176,0.00050,16.28
010,00140,0.706700,0.00071,23.29
011,00140,0.681830,0.00054,18.81
012,00140,0.680948,0.00063,21.84
